{
  "width": 640,
  "height": 480,
  "fx": 384.5600891113281,
  "fy": 383.6550598144531,
  "ppx": 319.7052307128906,
  "ppy": 240.9263458251953,
  "model": "distortion.inverse_brown_conrady",
  "coeffs": [
    -0.05522378906607628,
    0.06515555083751678,
    -0.0009858100675046444,
    -0.0009394371300004423,
    -0.020911403000354767
  ],
  "K_matrix": [
    [
      384.5600891113281,
      0.0,
      319.7052307128906
    ],
    [
      0.0,
      383.6550598144531,
      240.9263458251953
    ],
    [
      0.0,
      0.0,
      1.0
    ]
  ]
}