{
  "width": 1280,
  "height": 720,
  "fx": 639.5397338867188,
  "fy": 638.03466796875,
  "ppx": 639.5087280273438,
  "ppy": 361.5439147949219,
  "model": "distortion.inverse_brown_conrady",
  "coeffs": [
    -0.05522378906607628,
    0.06515555083751678,
    -0.0009858100675046444,
    -0.0009394371300004423,
    -0.020911403000354767
  ],
  "K_matrix": [
    [
      639.5397338867188,
      0.0,
      639.5087280273438
    ],
    [
      0.0,
      638.03466796875,
      361.5439147949219
    ],
    [
      0.0,
      0.0,
      1.0
    ]
  ]
}